{
  "intra_class_variance": {
    "Non Demented": 0.02846132591366768,
    "Very mild Dementia": 0.03049561381340027,
    "Mild Dementia": 0.02916042134165764
  },
  "pairwise_center_distances": {
    "Non Demented vs Very mild Dementia": 1.4456846714019775,
    "Non Demented vs Mild Dementia": 1.1677262783050537,
    "Very mild Dementia vs Mild Dementia": 1.5609623193740845
  },
  "average_center_distance": 1.3914576768875122,
  "margin": 2.0
}